{"cameraMode":{"drawMode":0,"name":"Shaded","section":"Shading Mode"},"sceneLighting":true,"audioPlay":false,"sceneViewState":{"showFog":true,"showMaterialUpdate":false,"showSkybox":true,"showFlares":true,"showImageEffects":true,"showParticleSystems":true},"in2DMode":false,"pivot":{"x":-25.868314743041993,"y":0.000004291534423828125,"z":-24.79788589477539},"rotation":{"x":-0.23763203620910645,"y":-0.023886732757091523,"z":0.005845257546752691,"w":-0.9710439443588257},"size":22.0,"orthographic":false}